keep,drop,status,km_apart,similarity,apply,reviewer_note
BPS007-BKT-ADE SAPUTRA,ADE SAPUTRA,"LIKELY SAME PERSON (≤ 20 km, same NOP) — NEEDS REVIEW",11.1,1.0,yes,
BPS001-BKT-AIDIL RICOS,AIDIL RICOS,"LIKELY SAME PERSON (≤ 20 km, same NOP) — NEEDS REVIEW",1.8,1.0,yes,
BPS002-BKT-ALEX SUANDI PRANATA,ALEX SUANDI PRANATA,"LIKELY SAME PERSON (≤ 20 km, same NOP) — NEEDS REVIEW",0.0,1.0,yes,
BPS003-BKT-ANGGI PRATAMA,ANGGI PRATAMA,"LIKELY SAME PERSON (≤ 20 km, same NOP) — NEEDS REVIEW",13.6,1.0,yes,
BPS004-RHL-EDO ARSWENDO,BPS007-RHL-EDO ARSWENDO,"SIMILAR NAME — location missing, NEEDS REVIEW",,1.0,no,
BPS005-DMI-BAMBANG ARIYANTO,BPS020-PMS-BAMBANG ARIANTO,"SAME/SIMILAR NAME, 303 km apart — probably different people",303.5,0.97,no,
BPS006-BKT-GIMAN SUTRA,GIMAN SUTRA,"LIKELY SAME PERSON (≤ 20 km, same NOP) — NEEDS REVIEW",3.8,1.0,yes,
BPS007-BKT-HENDRI YUSMAN,HENDRI YUSMAN,"SAME/SIMILAR NAME, 140 km apart — probably different people",139.9,1.0,no,
BPS007-SLK-NASRIL,MBP-SGE-ASRIL,"SAME/SIMILAR NAME, 205 km apart — probably different people",204.8,0.91,no,
BPS010-PKU-OKI ARI SASRA,BPS008-PKU-OKI ARI SASRA,"SIMILAR NAME — location missing, NEEDS REVIEW",,1.0,no,
BPS009-BKT-KALIMUDA,KALIMUDA,"LIKELY SAME PERSON (≤ 20 km, same NOP) — NEEDS REVIEW",0.1,1.0,yes,
BPS012-PKU-RAHMAD ILAHI,BPS009-PKU-RAHMAD ILAHI,"SIMILAR NAME — location missing, NEEDS REVIEW",,1.0,no,
BPS010-BKT-INDRA GUSMAN,INDRA GUSMAN,"LIKELY SAME PERSON (≤ 20 km, same NOP) — NEEDS REVIEW",0.0,1.0,yes,
BPS010-PKU-MEGI NOVANDA,BPS011-PKU-MEGI NOVANDA,"SIMILAR NAME — location missing, NEEDS REVIEW",,1.0,no,
BPS014-PKU-BOBI AFDAL,BPS011-PKU-BOBI AFDAL,"SIMILAR NAME — location missing, NEEDS REVIEW",,1.0,no,
BPS015-PKU-ANDRE PANGESTU,BPS012-PKU-ANDRE PANGESTU,"SIMILAR NAME — location missing, NEEDS REVIEW",,1.0,no,
BPS016-PKU-MUHAMMAD IRVAN,BPS013-PKU-MUHAMMAD IRVAN,"SIMILAR NAME — location missing, NEEDS REVIEW",,1.0,no,
MBP-TIS-RIZKI,BPS024-TBL-RIZKI,"SIMILAR NAME — location missing, NEEDS REVIEW",,1.0,no,
MBP-AGR-HADI,MBP-KTL-HADI,"SAME/SIMILAR NAME, 272 km apart — probably different people",271.9,1.0,no,
MBP-KLP-RIZAL,MBP-MTK-RIZAL,"SIMILAR NAME — location missing, NEEDS REVIEW",,1.0,no,
MBP-PKP-RIZAL,MBP-KLP-RIZAL,"SIMILAR NAME — location missing, NEEDS REVIEW",,1.0,no,
MBP-MRD-SYARIPPUDIN,MBP-OKI-SYARIPUDIN,"SAME/SIMILAR NAME, 200 km apart — probably different people",200.2,0.95,no,
MBP-PKP-RIZAL,MBP-MTK-RIZAL,"SIMILAR NAME — location missing, NEEDS REVIEW",,1.0,no,
MBP-OKI-ALI GUNTUR,MBP-SKY-ALI GUNTUR,"LIKELY SAME PERSON (≤ 20 km, same NOP) — NEEDS REVIEW",7.9,1.0,yes,
MBP-SRJ-AMBRISYAH,MBP-SRJ-AMRISYAH,"SIMILAR NAME — location missing, NEEDS REVIEW",,0.94,no,
